year,month,spei1,spei4,spei12,state_id,state
2018,1,-1.4802,-1.2979,0.93623,14,Goa
2018,2,-1.869,-2.5139,0.93855,14,Goa
2018,3,-0.30594,-1.9352,0.9671,14,Goa
2018,4,0.021476,-1.5046,0.98353,14,Goa
2018,5,0.44416,-0.11942,1.0243,14,Goa
2018,6,0.45384,0.28617,0.87141,14,Goa
2018,7,-0.75843,0.14072,0.56213,14,Goa
2018,8,-0.95625,-0.40601,-0.13211,14,Goa
2018,9,-1.9031,-1.0406,-1.4245,14,Goa
2018,10,-1.723,-2.0315,-1.6754,14,Goa
2018,11,-1.9831,-2.3536,-1.6882,14,Goa
2018,12,-0.083684,-2.8157,-1.6515,14,Goa
2019,1,-1.6699,-2.192,-1.6287,14,Goa
2019,2,-0.94674,-1.8224,-1.6017,14,Goa
2019,3,-0.62249,-1.3877,-1.6108,14,Goa
2019,4,-1.5307,-1.8985,-1.6296,14,Goa
2019,5,-1.4527,-1.9218,-1.7087,14,Goa
2019,6,-0.48729,-0.86026,-2.1485,14,Goa
2019,7,0.72615,-0.21289,-1.9825,14,Goa
2019,8,0.77059,0.22352,-1.0861,14,Goa
2019,9,1.606,1.1479,0.44224,14,Goa
2019,10,2.2571,2.3289,1.8301,14,Goa
2019,11,-0.41687,2.19,1.8559,14,Goa
2019,12,0.46854,2.1129,1.8789,14,Goa
2020,1,-0.095801,2.2281,1.8909,14,Goa
2020,2,-0.40217,-0.3543,1.8974,14,Goa
2020,3,0.88547,0.16684,1.8948,14,Goa
2020,4,-0.030956,0.030949,1.8975,14,Goa
2020,5,-0.9813,-0.93892,1.8452,14,Goa
2020,6,0.94103,0.50288,2.004,14,Goa
2020,7,1.1192,0.80447,2.0119,14,Goa
2020,8,0.70169,0.8093,1.9677,14,Goa
2020,9,2.1783,1.9373,2.4559,14,Goa
2020,10,-0.23764,1.8924,1.5858,14,Goa
2020,11,-0.36948,1.6906,1.6052,14,Goa
2020,12,-0.021684,1.9723,1.6195,14,Goa
2018,1,-1.5891,-0.23906,0.65974,15,Gujarat
2018,2,-0.60998,0.17118,0.70742,15,Gujarat
2018,3,-0.9765,-0.15977,0.69918,15,Gujarat
2018,4,-0.15845,-1.3316,0.74044,15,Gujarat
2018,5,-2.1753,-1.825,0.70635,15,Gujarat
2018,6,-0.71692,-1.2653,0.4595,15,Gujarat
2018,7,-0.17812,-0.61715,-0.76711,15,Gujarat
2018,8,-0.68391,-0.99907,-1.2028,15,Gujarat
2018,9,-1.0891,-1.1809,-1.2316,15,Gujarat
2018,10,-1.8393,-1.0916,-1.2346,15,Gujarat
2018,11,-1.8343,-1.3146,-1.2687,15,Gujarat
2018,12,0.27871,-1.4356,-1.3371,15,Gujarat
2019,1,-0.59405,-1.8227,-1.3049,15,Gujarat
2019,2,1.174,-0.119,-1.2502,15,Gujarat
2019,3,0.75513,0.87217,-1.2039,15,Gujarat
2019,4,-0.86349,0.40688,-1.2751,15,Gujarat
2019,5,0.41716,0.5929,-1.2022,15,Gujarat
2019,6,0.35763,0.30255,-0.94405,15,Gujarat
2019,7,-0.65771,-0.58339,-1.2949,15,Gujarat
2019,8,1.8059,0.9797,0.39556,15,Gujarat
2019,9,1.8165,1.5883,1.4735,15,Gujarat
2019,10,1.6854,1.718,1.6214,15,Gujarat
2019,11,2.0429,2.1625,1.7376,15,Gujarat
2019,12,2.013,2.0185,1.7641,15,Gujarat
2020,1,2.3658,2.2884,1.8148,15,Gujarat
2020,2,-0.24655,2.1286,1.7796,15,Gujarat
2020,3,2.0724,2.3066,1.8432,15,Gujarat
2020,4,0.11639,1.7715,1.8643,15,Gujarat
2020,5,-1.3084,0.77448,1.8221,15,Gujarat
2020,6,0.92945,1.1063,1.9087,15,Gujarat
2020,7,0.071933,0.33018,2.1329,15,Gujarat
2020,8,1.946,1.7506,2.4899,15,Gujarat
2020,9,0.4743,1.602,1.9064,15,Gujarat
2020,10,0.77717,1.4984,1.7629,15,Gujarat
2020,11,0.19453,1.6723,1.6916,15,Gujarat
2020,12,0.60125,0.49457,1.6674,15,Gujarat
2018,1,-1.0908,-1.3546,-1.0862,16,Haryana
2018,2,-0.74769,-0.97395,-1.0369,16,Haryana
2018,3,-1.4449,-1.7176,-1.0935,16,Haryana
2018,4,0.56372,-1.118,-0.84177,16,Haryana
2018,5,0.051152,-0.61729,-0.79672,16,Haryana
2018,6,1.6149,1.0521,-0.93231,16,Haryana
2018,7,0.27022,1.0716,-0.37456,16,Haryana
2018,8,-0.94007,0.27319,-0.35578,16,Haryana
2018,9,0.75786,0.541,0.07768,16,Haryana
2018,10,-0.51684,-0.15858,0.12873,16,Haryana
2018,11,0.46495,-0.28884,0.11176,16,Haryana
2018,12,0.48764,0.58757,0.20433,16,Haryana
2019,1,0.49049,0.14321,0.32655,16,Haryana
2019,2,1.0132,0.808,0.48953,16,Haryana
2019,3,0.82612,0.93573,0.67297,16,Haryana
2019,4,0.59143,0.93559,0.64139,16,Haryana
2019,5,1.1731,1.2616,0.80788,16,Haryana
2019,6,-0.55371,0.48381,0.15887,16,Haryana
2019,7,0.62248,0.65035,0.35815,16,Haryana
2019,8,-0.6059,0.020417,0.45275,16,Haryana
2019,9,-0.65684,-0.62882,-0.17521,16,Haryana
2019,10,0.73092,-0.41772,-0.082631,16,Haryana
2019,11,2.4846,-0.49288,0.14881,16,Haryana
2019,12,1.8826,0.29109,0.24655,16,Haryana
2020,1,1.0982,1.6581,0.31435,16,Haryana
2020,2,-0.22111,1.5485,0.1678,16,Haryana
2020,3,2.32,2.0688,0.68406,16,Haryana
2020,4,1.3461,2.0225,0.75319,16,Haryana
2020,5,1.3783,2.0162,0.75859,16,Haryana
2020,6,0.49711,1.9013,0.94567,16,Haryana
2020,7,0.54109,1.0324,1.0242,16,Haryana
2020,8,-0.062772,0.63053,1.2311,16,Haryana
2020,9,-0.78201,-0.099444,1.1568,16,Haryana
2020,10,-2.0493,-0.29645,1.0039,16,Haryana
2020,11,1.2151,-0.70702,0.85619,16,Haryana
2020,12,0.30428,-0.91757,0.70816,16,Haryana
2018,1,-1.7347,-1.4299,-0.54719,17,Himachal Pradesh
2018,2,-0.62346,-1.1667,-0.48528,17,Himachal Pradesh
2018,3,-1.0926,-1.3751,-0.62098,17,Himachal Pradesh
2018,4,0.48398,-1.5459,-0.64224,17,Himachal Pradesh
2018,5,0.38372,-0.69745,-0.6542,17,Himachal Pradesh
2018,6,0.43768,-0.096225,-0.81993,17,Himachal Pradesh
2018,7,-0.95756,-0.23241,-1.2152,17,Himachal Pradesh
2018,8,-0.71268,-0.52735,-1.2463,17,Himachal Pradesh
2018,9,1.0195,-0.033161,-0.73351,17,Himachal Pradesh
2018,10,0.12343,-0.027673,-0.53798,17,Himachal Pradesh
2018,11,1.878,1.0338,-0.085586,17,Himachal Pradesh
2018,12,-0.27697,1.2827,-0.27768,17,Himachal Pradesh
2019,1,0.42745,0.71907,0.12567,17,Himachal Pradesh
2019,2,2.4351,2.2411,1.2858,17,Himachal Pradesh
2019,3,0.22726,1.6134,1.4076,17,Himachal Pradesh
2019,4,-0.10894,1.7994,1.3311,17,Himachal Pradesh
2019,5,0.62744,1.8317,1.3245,17,Himachal Pradesh
2019,6,-0.61562,-0.19583,1.165,17,Himachal Pradesh
2019,7,-0.94708,-0.98385,1.2843,17,Himachal Pradesh
2019,8,0.068511,-0.64349,1.3664,17,Himachal Pradesh
2019,9,-0.72306,-1.0029,0.81881,17,Himachal Pradesh
2019,10,0.22308,-0.84822,0.81028,17,Himachal Pradesh
2019,11,1.8638,0.0567,0.76833,17,Himachal Pradesh
2019,12,1.1419,0.46825,0.94866,17,Himachal Pradesh
2020,1,0.6762,1.2308,0.96619,17,Himachal Pradesh
2020,2,-1.1593,0.67959,-0.40205,17,Himachal Pradesh
2020,3,1.205,0.71326,-0.12681,17,Himachal Pradesh
2020,4,0.92237,0.70747,0.042435,17,Himachal Pradesh
2020,5,0.97996,0.79719,0.1163,17,Himachal Pradesh
2020,6,-0.05547,1.2165,0.2338,17,Himachal Pradesh
2020,7,-1.5506,-0.4416,0.079269,17,Himachal Pradesh
2020,8,-0.94177,-1.0179,-0.11304,17,Himachal Pradesh
2020,9,-2.152,-1.9058,-0.45661,17,Himachal Pradesh
2020,10,-2.4531,-2.1518,-0.62001,17,Himachal Pradesh
2020,11,1.4731,-1.5087,-0.72848,17,Himachal Pradesh
2020,12,-0.050251,-1.4751,-0.98076,17,Himachal Pradesh
2018,1,-2.0562,-1.7042,-0.80899,18,Jammu And Kashmir
2018,2,0.10132,-0.93158,-0.75043,18,Jammu And Kashmir
2018,3,-0.49345,-0.91968,-0.64567,18,Jammu And Kashmir
2018,4,0.74344,-0.81426,-0.75434,18,Jammu And Kashmir
2018,5,1.0927,0.44045,-0.41329,18,Jammu And Kashmir
2018,6,1.3749,1.0825,-0.51959,18,Jammu And Kashmir
2018,7,-0.1489,1.1921,-0.70129,18,Jammu And Kashmir
2018,8,-0.85848,0.40123,-0.77397,18,Jammu And Kashmir
2018,9,-0.2492,-0.20998,-0.61717,18,Jammu And Kashmir
2018,10,1.1318,-0.055839,-0.10131,18,Jammu And Kashmir
2018,11,1.7392,0.59504,0.31586,18,Jammu And Kashmir
2018,12,-0.30083,0.82521,0.13577,18,Jammu And Kashmir
2019,1,0.81718,1.3727,0.75532,18,Jammu And Kashmir
2019,2,1.517,1.6136,1.2466,18,Jammu And Kashmir
2019,3,-0.15006,0.895,1.2087,18,Jammu And Kashmir
2019,4,-0.39273,0.95353,0.99009,18,Jammu And Kashmir
2019,5,1.189,1.0191,0.98678,18,Jammu And Kashmir
2019,6,1.313,0.62777,0.96018,18,Jammu And Kashmir
2019,7,-0.16318,0.74214,1.0166,18,Jammu And Kashmir
2019,8,0.14284,0.88687,1.2328,18,Jammu And Kashmir
2019,9,-1.088,0.057667,1.1614,18,Jammu And Kashmir
2019,10,0.95793,-0.2402,0.99076,18,Jammu And Kashmir
2019,11,2.7355,1.6785,1.6657,18,Jammu And Kashmir
2019,12,0.21554,1.7365,1.7843,18,Jammu And Kashmir
2020,1,0.45666,2.2963,1.6951,18,Jammu And Kashmir
2020,2,-0.91839,1.7091,1.0479,18,Jammu And Kashmir
2020,3,1.129,0.34168,1.3371,18,Jammu And Kashmir
2020,4,0.62889,0.5452,1.4692,18,Jammu And Kashmir
2020,5,1.4502,0.85973,1.5142,18,Jammu And Kashmir
2020,6,0.28952,1.4684,1.3533,18,Jammu And Kashmir
2020,7,-1.8797,0.068429,1.1489,18,Jammu And Kashmir
2020,8,1.2153,0.60389,1.5359,18,Jammu And Kashmir
2020,9,-1.1887,-0.46833,1.4873,18,Jammu And Kashmir
2020,10,-2.0871,-0.90062,1.2064,18,Jammu And Kashmir
2020,11,1.4762,0.39325,0.34477,18,Jammu And Kashmir
2020,12,0.63427,-0.3518,0.43212,18,Jammu And Kashmir
2018,1,-0.72692,-0.027046,-0.51592,19,Jharkhand
2018,2,-0.52859,-0.96591,-0.45221,19,Jharkhand
2018,3,-1.1678,-1.3728,-0.52786,19,Jharkhand
2018,4,1.9892,0.55777,-0.14755,19,Jharkhand
2018,5,0.99196,1.1532,-0.044653,19,Jharkhand
2018,6,-0.50228,0.39148,0.091943,19,Jharkhand
2018,7,-1.0795,-0.15354,-1.226,19,Jharkhand
2018,8,-1.9146,-1.5103,-1.3787,19,Jharkhand
2018,9,-1.5193,-2.317,-1.524,19,Jharkhand
2018,10,-1.5728,-2.5954,-1.9465,19,Jharkhand
2018,11,-1.3706,-2.4553,-1.9982,19,Jharkhand
2018,12,1.8828,-1.5859,-1.8314,19,Jharkhand
2019,1,-0.83973,-1.2377,-1.8005,19,Jharkhand
2019,2,1.4479,0.87843,-1.5207,19,Jharkhand
2019,3,1.3629,1.5263,-1.2588,19,Jharkhand
2019,4,1.6668,1.6986,-1.3222,19,Jharkhand
2019,5,-0.12929,1.6445,-1.6145,19,Jharkhand
2019,6,-0.94378,0.12972,-1.8305,19,Jharkhand
2019,7,-0.51684,-0.41982,-1.4968,19,Jharkhand
2019,8,-0.92995,-1.2394,-1.0886,19,Jharkhand
2019,9,0.89837,-0.70964,-0.2779,19,Jharkhand
2019,10,0.6461,-0.0315,0.21626,19,Jharkhand
2019,11,0.027288,0.22952,0.25162,19,Jharkhand
2019,12,1.6795,0.8797,0.15336,19,Jharkhand
2020,1,1.7508,0.99403,0.46086,19,Jharkhand
2020,2,0.64626,1.1883,0.28965,19,Jharkhand
2020,3,2.2284,2.0962,0.51868,19,Jharkhand
2020,4,2.2793,2.608,0.6839,19,Jharkhand
2020,5,1.386,2.5473,0.94503,19,Jharkhand
2020,6,0.64255,2.0176,1.5428,19,Jharkhand
2020,7,-0.57714,1.124,1.4365,19,Jharkhand
2020,8,-1.173,-0.15931,1.2741,19,Jharkhand
2020,9,-0.69341,-0.80357,0.82772,19,Jharkhand
2020,10,-0.073789,-1.3128,0.60637,19,Jharkhand
2020,11,-0.40304,-1.2356,0.60091,19,Jharkhand
2020,12,0.059637,-0.70975,0.5472,19,Jharkhand
2018,1,-2.1873,-0.70052,-0.3538,2,Andhra Pradesh
2018,2,-1.2515,-2.1264,-0.32498,2,Andhra Pradesh
2018,3,0.012738,-2.106,-0.23191,2,Andhra Pradesh
2018,4,0.34454,-0.50611,0.006504,2,Andhra Pradesh
2018,5,0.96119,0.70279,0.33214,2,Andhra Pradesh
2018,6,0.69814,1.0464,0.20226,2,Andhra Pradesh
2018,7,-0.088001,0.57333,0.43078,2,Andhra Pradesh
2018,8,0.48816,0.57489,0.29258,2,Andhra Pradesh
2018,9,-1.084,-0.20768,-0.23074,2,Andhra Pradesh
2018,10,-1.8212,-1.2302,-1.3488,2,Andhra Pradesh
2018,11,-1.5901,-1.8652,-1.4778,2,Andhra Pradesh
2018,12,0.44075,-2.2866,-1.187,2,Andhra Pradesh
2019,1,-0.57283,-2.0954,-1.0868,2,Andhra Pradesh
2019,2,-0.48717,-1.1625,-1.0615,2,Andhra Pradesh
2019,3,-1.0404,-0.4756,-1.2619,2,Andhra Pradesh
2019,4,-0.17239,-0.74999,-1.2269,2,Andhra Pradesh
2019,5,-0.31283,-0.66305,-1.4677,2,Andhra Pradesh
2019,6,-0.87718,-0.92756,-1.7387,2,Andhra Pradesh
2019,7,0.18117,-0.41466,-1.7444,2,Andhra Pradesh
2019,8,0.90993,0.11208,-1.8143,2,Andhra Pradesh
2019,9,1.7082,1.124,-0.67665,2,Andhra Pradesh
2019,10,0.96325,1.5631,0.58808,2,Andhra Pradesh
2019,11,-1.2575,1.0507,0.6141,2,Andhra Pradesh
2019,12,0.77433,0.85575,0.57609,2,Andhra Pradesh
2020,1,0.19329,0.094096,0.61138,2,Andhra Pradesh
2020,2,0.43168,-0.94517,0.65483,2,Andhra Pradesh
2020,3,0.8123,0.63156,0.75485,2,Andhra Pradesh
2020,4,0.92232,0.8017,0.79119,2,Andhra Pradesh
2020,5,-0.31261,0.31017,0.75667,2,Andhra Pradesh
2020,6,1.8462,1.2712,1.2892,2,Andhra Pradesh
2020,7,2.0147,2.0562,1.9254,2,Andhra Pradesh
2020,8,1.7364,2.1568,2.2307,2,Andhra Pradesh
2020,9,1.8139,2.6097,2.3679,2,Andhra Pradesh
2020,10,0.6897,2.3651,2.1184,2,Andhra Pradesh
2020,11,1.1496,2.3104,2.6295,2,Andhra Pradesh
2020,12,0.093441,1.8816,2.5978,2,Andhra Pradesh
2018,1,-1.4615,-0.54433,-0.85907,20,Karnataka
2018,2,-0.93477,-1.8025,-0.79616,20,Karnataka
2018,3,0.40882,-0.73563,-0.63179,20,Karnataka
2018,4,0.27184,-0.053149,-0.37733,20,Karnataka
2018,5,1.7022,1.4859,0.27031,20,Karnataka
2018,6,1.3122,2.0649,0.54143,20,Karnataka
2018,7,-0.25593,1.5514,0.7852,20,Karnataka
2018,8,0.37897,1.394,0.97206,20,Karnataka
2018,9,-1.2358,-0.30985,0.18496,20,Karnataka
2018,10,-0.79539,-1.0743,-0.35475,20,Karnataka
2018,11,-1.3562,-1.396,-0.35124,20,Karnataka
2018,12,-0.70159,-1.9527,-0.32951,20,Karnataka
2019,1,-2.0159,-1.6006,-0.33092,20,Karnataka
2019,2,-1.3652,-1.9173,-0.33827,20,Karnataka
2019,3,-1.8415,-1.9151,-0.49812,20,Karnataka
2019,4,-0.17396,-1.2919,-0.53446,20,Karnataka
2019,5,-0.79058,-1.0352,-1.2894,20,Karnataka
2019,6,-0.0031372,-0.61612,-1.6348,20,Karnataka
2019,7,0.1003,-0.072152,-1.4269,20,Karnataka
2019,8,1.0252,0.59839,-1.1018,20,Karnataka
2019,9,1.1138,1.1559,-0.20357,20,Karnataka
2019,10,2.0032,2.0039,1.0984,20,Karnataka
2019,11,-0.42481,1.7672,1.1554,20,Karnataka
2019,12,0.76148,1.6696,1.2524,20,Karnataka
2020,1,-0.76768,1.4388,1.3413,20,Karnataka
2020,2,-0.40494,-0.4313,1.356,20,Karnataka
2020,3,0.0023332,-0.033561,1.3879,20,Karnataka
2020,4,0.89585,0.31148,1.4792,20,Karnataka
2020,5,0.66289,0.77618,1.6527,20,Karnataka
2020,6,1.6097,1.5307,1.919,20,Karnataka
2020,7,1.5753,2.1338,2.3588,20,Karnataka
2020,8,1.0239,2.1046,2.3967,20,Karnataka
2020,9,1.7166,2.3735,2.6225,20,Karnataka
2020,10,1.0514,2.1816,2.07,20,Karnataka
2020,11,-0.59567,1.519,1.9964,20,Karnataka
2020,12,0.040112,1.3797,2.0023,20,Karnataka
2018,1,-0.79058,-1.7267,-2.5772,21,Kerala
2018,2,-0.50274,-0.98464,-2.5408,21,Kerala
2018,3,0.60496,-0.32424,-2.5926,21,Kerala
2018,4,-0.32589,-0.40502,-2.3465,21,Kerala
2018,5,1.0252,0.691,-1.8554,21,Kerala
2018,6,0.19579,0.59591,-1.3746,21,Kerala
2018,7,-0.10431,0.33908,-0.72004,21,Kerala
2018,8,1.2081,1.0778,0.08858,21,Kerala
2018,9,-1.5661,0.17383,-0.30274,21,Kerala
2018,10,0.16646,0.2142,0.11034,21,Kerala
2018,11,-0.38506,0.12882,0.18279,21,Kerala
2018,12,-0.62892,-1.2129,0.13314,21,Kerala
2019,1,-1.9204,-0.57309,0.14062,21,Kerala
2019,2,-0.79143,-0.99159,0.13336,21,Kerala
2019,3,-1.6121,-1.7269,-0.018948,21,Kerala
2019,4,0.22,-0.72649,0.1026,21,Kerala
2019,5,-1.3284,-1.3253,-0.54828,21,Kerala
2019,6,-1.7606,-1.7811,-0.98902,21,Kerala
2019,7,-0.72852,-1.6269,-1.1297,21,Kerala
2019,8,1.6413,0.051858,-0.61714,21,Kerala
2019,9,1.3807,1.1006,0.23623,21,Kerala
2019,10,1.5488,2.1436,0.63182,21,Kerala
2019,11,-0.62588,2.1378,0.58971,21,Kerala
2019,12,0.72977,1.4609,0.68344,21,Kerala
2020,1,-1.0239,0.71986,0.72686,21,Kerala
2020,2,-0.69325,-0.7091,0.71993,21,Kerala
2020,3,0.18928,-0.11781,0.82739,21,Kerala
2020,4,-0.13939,-0.53504,0.7302,21,Kerala
2020,5,0.60817,0.25334,1.2223,21,Kerala
2020,6,-0.50256,0.0022483,1.4156,21,Kerala
2020,7,-0.16041,0.030106,1.5567,21,Kerala
2020,8,0.61494,0.3295,0.89617,21,Kerala
2020,9,2.0672,1.1774,1.1753,21,Kerala
2020,10,-1.293,0.98967,0.44341,21,Kerala
2020,11,-0.67162,0.73946,0.41293,21,Kerala
2020,12,0.74073,0.66678,0.43144,21,Kerala
2018,1,-1.8653,0.070884,-0.048543,22,Ladakh
2018,2,0.90987,0.83214,0.049965,22,Ladakh
2018,3,0.56497,1.0707,0.4643,22,Ladakh
2018,4,-1.2984,0.19602,0.10925,22,Ladakh
2018,5,-0.21151,0.43293,0.20606,22,Ladakh
2018,6,-1.4634,-0.19278,0.041417,22,Ladakh
2018,7,-1.5966,-1.4171,-0.11773,22,Ladakh
2018,8,-2.9292,-1.597,-0.23541,22,Ladakh
2018,9,-0.12442,-1.6512,-0.13204,22,Ladakh
2018,10,2.1281,0.26174,0.38373,22,Ladakh
2018,11,1.9536,1.2736,0.64027,22,Ladakh
2018,12,-0.19582,1.4482,0.16684,22,Ladakh
2019,1,1.6145,1.876,0.55593,22,Ladakh
2019,2,2.3502,2.127,1.1387,22,Ladakh
2019,3,0.11248,1.5606,0.87468,22,Ladakh
2019,4,-1.8745,1.4928,0.87581,22,Ladakh
2019,5,-0.085028,1.1232,0.88452,22,Ladakh
2019,6,0.78203,-0.31417,1.0218,22,Ladakh
2019,7,-1.492,-0.80469,1.0237,22,Ladakh
2019,8,-0.73444,-0.41019,1.1077,22,Ladakh
2019,9,-3.0987,-1.1188,0.97363,22,Ladakh
2019,10,0.23002,-1.5221,0.70957,22,Ladakh
2019,11,1.9894,0.38434,0.91327,22,Ladakh
2019,12,0.33143,0.67824,0.9898,22,Ladakh
2020,1,0.28586,1.2647,0.79996,22,Ladakh
2020,2,-0.77979,0.7866,-0.2354,22,Ladakh
2020,3,1.2992,0.47766,0.08791,22,Ladakh
2020,4,-0.50976,0.29038,0.18895,22,Ladakh
2020,5,-0.42721,0.14827,0.16501,22,Ladakh
2020,6,-1.8394,0.23518,-0.0052432,22,Ladakh
2020,7,-2.2639,-1.3517,-0.054164,22,Ladakh
2020,8,-2.683,-2.0066,-0.18466,22,Ladakh
2020,9,-2.0483,-2.4678,-0.13982,22,Ladakh
2020,10,-2.2548,-2.4535,-0.29693,22,Ladakh
2020,11,0.29884,-1.827,-0.69837,22,Ladakh
2020,12,-0.10012,-1.6711,-0.79204,22,Ladakh
2018,1,-2.1054,-1.2081,-1.574,24,Madhya Pradesh
2018,2,-0.0010207,-0.59511,-1.4532,24,Madhya Pradesh
2018,3,-1.1989,-1.0195,-1.4615,24,Madhya Pradesh
2018,4,0.071098,-0.9453,-1.2926,24,Madhya Pradesh
2018,5,-1.3894,-0.83083,-1.2419,24,Madhya Pradesh
2018,6,0.23926,-0.024233,-1.2439,24,Madhya Pradesh
2018,7,0.29265,0.33411,-1.155,24,Madhya Pradesh
2018,8,-0.91702,-0.42662,-0.78847,24,Madhya Pradesh
2018,9,-0.37913,-0.62946,-0.85487,24,Madhya Pradesh
2018,10,-1.7087,-0.88181,-0.88333,24,Madhya Pradesh
2018,11,-1.8039,-1.3218,-0.92767,24,Madhya Pradesh
2018,12,0.26374,-0.94617,-0.93927,24,Madhya Pradesh
2019,1,-0.32228,-1.814,-0.86698,24,Madhya Pradesh
2019,2,0.69678,-0.37369,-0.87499,24,Madhya Pradesh
2019,3,0.5113,0.40202,-0.76534,24,Madhya Pradesh
2019,4,0.27339,0.49041,-0.76025,24,Madhya Pradesh
2019,5,-1.1217,0.2342,-0.81189,24,Madhya Pradesh
2019,6,-0.52758,-0.36937,-1.0398,24,Madhya Pradesh
2019,7,0.90114,0.49919,-0.71,24,Madhya Pradesh
2019,8,1.1465,0.99067,0.36611,24,Madhya Pradesh
2019,9,1.9015,1.87,1.5973,24,Madhya Pradesh
2019,10,1.1175,2.0791,1.742,24,Madhya Pradesh
2019,11,0.75096,1.9416,1.8108,24,Madhya Pradesh
2019,12,1.7949,1.904,1.8681,24,Madhya Pradesh
2020,1,1.6841,1.4142,1.9195,24,Madhya Pradesh
2020,2,0.62677,1.4042,1.8921,24,Madhya Pradesh
2020,3,2.0159,1.9166,1.9721,24,Madhya Pradesh
2020,4,0.72435,1.7801,1.9584,24,Madhya Pradesh
2020,5,-0.24774,1.3908,2.0274,24,Madhya Pradesh
2020,6,1.6269,1.9052,2.5968,24,Madhya Pradesh
2020,7,-1.6252,-0.046635,1.8638,24,Madhya Pradesh
2020,8,1.2095,0.73544,1.9459,24,Madhya Pradesh
2020,9,-0.39655,0.23695,0.75191,24,Madhya Pradesh
2020,10,-0.41938,-0.5265,0.52671,24,Madhya Pradesh
2020,11,0.0093397,0.37866,0.50849,24,Madhya Pradesh
2020,12,0.23175,-0.57773,0.42298,24,Madhya Pradesh
2018,1,-1.8687,-0.05202,-0.60093,25,Maharashtra
2018,2,-0.64274,-1.191,-0.54972,25,Maharashtra
2018,3,-0.61955,-1.0482,-0.52226,25,Maharashtra
2018,4,-0.74542,-1.256,-0.40275,25,Maharashtra
2018,5,-1.3604,-1.2954,-0.3686,25,Maharashtra
2018,6,0.72356,0.27697,-0.37571,25,Maharashtra
2018,7,0.071805,0.30476,0.022689,25,Maharashtra
2018,8,0.061486,0.22412,0.029209,25,Maharashtra
2018,9,-1.9264,-0.70414,-0.78421,25,Maharashtra
2018,10,-1.6829,-1.3654,-1.2673,25,Maharashtra
2018,11,-1.5045,-1.9035,-1.3234,25,Maharashtra
2018,12,0.18932,-2.2871,-1.3481,25,Maharashtra
2019,1,-0.98818,-2.0068,-1.3038,25,Maharashtra
2019,2,-0.40803,-1.0137,-1.298,25,Maharashtra
2019,3,-1.132,-0.95103,-1.3002,25,Maharashtra
2019,4,-1.2803,-1.3971,-1.3217,25,Maharashtra
2019,5,-2.1592,-1.9611,-1.3782,25,Maharashtra
2019,6,-0.78727,-1.4876,-1.9212,25,Maharashtra
2019,7,0.46858,-0.65617,-1.9539,25,Maharashtra
2019,8,0.47775,-0.20562,-1.662,25,Maharashtra
2019,9,1.3953,0.69337,-0.20132,25,Maharashtra
2019,10,1.7382,1.5655,0.69292,25,Maharashtra
2019,11,0.53388,1.7231,0.82888,25,Maharashtra
2019,12,1.2972,1.8329,0.88612,25,Maharashtra
2020,1,1.2511,1.7838,0.96313,25,Maharashtra
2020,2,0.87917,0.90696,0.9961,25,Maharashtra
2020,3,1.6604,1.5867,1.1463,25,Maharashtra
2020,4,-0.16346,1.4066,1.2002,25,Maharashtra
2020,5,-1.0565,0.71786,1.2504,25,Maharashtra
2020,6,1.6258,1.6191,1.9041,25,Maharashtra
2020,7,0.28033,1.2441,2.0881,25,Maharashtra
2020,8,1.1643,1.5097,2.2132,25,Maharashtra
2020,9,0.39763,1.347,1.6832,25,Maharashtra
2020,10,1.1393,1.1247,1.4921,25,Maharashtra
2020,11,-0.54042,1.0753,1.4396,25,Maharashtra
2020,12,-0.24172,0.56471,1.415,25,Maharashtra
2018,1,-0.48596,1.3003,1.8956,26,Manipur
2018,2,-0.60613,-0.38992,1.9538,26,Manipur
2018,3,0.59917,0.51346,1.653,26,Manipur
2018,4,0.077887,-0.057052,1.3343,26,Manipur
2018,5,1.3466,0.87423,1.7519,26,Manipur
2018,6,-0.3933,0.68066,1.5844,26,Manipur
2018,7,-1.6643,-0.23081,0.80879,26,Manipur
2018,8,-0.76459,-0.50098,0.57856,26,Manipur
2018,9,-2.0742,-2.0311,-0.3214,26,Manipur
2018,10,0.012455,-1.9853,-0.89065,26,Manipur
2018,11,-1.2246,-1.8675,-0.89161,26,Manipur
2018,12,0.7388,-1.4898,-1.0592,26,Manipur
2019,1,-1.3924,-0.57851,-1.1044,26,Manipur
2019,2,1.58,0.44918,-0.70854,26,Manipur
2019,3,-0.32713,0.59183,-0.90807,26,Manipur
2019,4,1.0693,0.96523,-0.63632,26,Manipur
2019,5,-0.24763,0.67654,-1.2031,26,Manipur
2019,6,-0.67197,-0.31807,-1.2531,26,Manipur
2019,7,-0.90515,-0.55224,-1.151,26,Manipur
2019,8,-1.191,-1.3104,-1.198,26,Manipur
2019,9,0.59305,-0.98521,-0.56997,26,Manipur
2019,10,0.86695,-0.34013,-0.343,26,Manipur
2019,11,0.013178,0.025435,-0.24969,26,Manipur
2019,12,-0.29809,0.64465,-0.32098,26,Manipur
2020,1,1.8722,0.92277,-0.079228,26,Manipur
2020,2,-0.8353,0.21942,-0.45489,26,Manipur
2020,3,-1.3827,-0.5837,-0.58406,26,Manipur
2020,4,1.2677,0.58346,-0.5208,26,Manipur
2020,5,0.32501,0.16738,-0.33291,26,Manipur
2020,6,-0.53369,0.00097329,-0.28673,26,Manipur
2020,7,-1.2985,-0.19545,-0.39525,26,Manipur
2020,8,-1.1544,-1.148,-0.34796,26,Manipur
2020,9,-0.64334,-1.5489,-0.63197,26,Manipur
2020,10,0.62384,-1.1978,-0.74585,26,Manipur
2020,11,0.86623,-0.49829,-0.59669,26,Manipur
2020,12,-1.4976,0.044927,-0.62177,26,Manipur
2018,1,0.3039,1.1075,1.657,27,Meghalaya
2018,2,0.70747,0.19189,1.6593,27,Meghalaya
2018,3,0.17189,0.3515,1.2554,27,Meghalaya
2018,4,-0.12957,0.056589,0.5499,27,Meghalaya
2018,5,-0.35142,-0.19701,0.53782,27,Meghalaya
2018,6,-2.1844,-1.2257,0.36469,27,Meghalaya
2018,7,-1.7223,-1.7453,0.22704,27,Meghalaya
2018,8,-0.7634,-2.0478,-0.22923,27,Meghalaya
2018,9,-0.99939,-2.4164,-1.2176,27,Meghalaya
2018,10,-1.5456,-2.3159,-2.0872,27,Meghalaya
2018,11,-1.0454,-2.0301,-2.1317,27,Meghalaya
2018,12,2.3379,-1.0348,-1.7132,27,Meghalaya
2019,1,-1.9374,-0.64981,-1.7513,27,Meghalaya
2019,2,2.6464,2.2562,-1.123,27,Meghalaya
2019,3,-0.37907,2.0314,-1.1716,27,Meghalaya
2019,4,0.77379,1.4455,-0.96529,27,Meghalaya
2019,5,0.72942,1.5053,-0.61169,27,Meghalaya
2019,6,-0.11384,0.62473,-0.027844,27,Meghalaya
2019,7,2.8538,1.781,1.1078,27,Meghalaya
2019,8,-1.2649,1.1692,1.0036,27,Meghalaya
2019,9,0.68153,1.1946,1.4186,27,Meghalaya
2019,10,1.1349,1.6731,1.9134,27,Meghalaya
2019,11,0.74632,0.52766,2.0041,27,Meghalaya
2019,12,1.0012,1.1468,1.8277,27,Meghalaya
2020,1,1.5279,1.2608,1.9089,27,Meghalaya
2020,2,0.33035,0.83624,1.4188,27,Meghalaya
2020,3,0.394,0.6152,1.4497,27,Meghalaya
2020,4,0.83683,0.81137,1.5699,27,Meghalaya
2020,5,1.4612,1.2019,1.7718,27,Meghalaya
2020,6,0.89114,1.5434,1.9432,27,Meghalaya
2020,7,1.5413,1.9049,1.6312,27,Meghalaya
2020,8,-1.0501,1.3868,1.6767,27,Meghalaya
2020,9,1.2432,2.0686,2.1112,27,Meghalaya
2020,10,1.142,2.1633,2.1522,27,Meghalaya
2020,11,-0.65198,1.4846,2.1033,27,Meghalaya
2020,12,0.1568,1.6575,2.1021,27,Meghalaya
2018,1,0.61213,1.7562,1.8379,28,Mizoram
2018,2,-0.89795,0.39693,1.8922,28,Mizoram
2018,3,-0.76253,0.12226,1.5836,28,Mizoram
2018,4,-0.31158,-0.86467,1.0294,28,Mizoram
2018,5,1.1662,-0.041633,1.6556,28,Mizoram
2018,6,0.12655,0.1056,1.1389,28,Mizoram
2018,7,-2.4491,-0.51549,0.54737,28,Mizoram
2018,8,-1.6106,-0.90437,-0.28114,28,Mizoram
2018,9,-2.3598,-2.2086,-0.9448,28,Mizoram
2018,10,0.047323,-2.6278,-1.3741,28,Mizoram
2018,11,-1.4006,-2.2055,-1.4024,28,Mizoram
2018,12,-0.045241,-1.8861,-1.6305,28,Mizoram
2019,1,-2.3065,-0.65308,-1.694,28,Mizoram
2019,2,1.9084,0.73112,-1.3781,28,Mizoram
2019,3,-0.20764,0.74982,-1.3227,28,Mizoram
2019,4,0.30794,0.59567,-1.2196,28,Mizoram
2019,5,-0.91736,0.03845,-1.7938,28,Mizoram
2019,6,-1.299,-1.1534,-2.143,28,Mizoram
2019,7,0.56541,-0.6432,-1.4445,28,Mizoram
2019,8,-1.494,-1.2715,-1.4082,28,Mizoram
2019,9,-0.20541,-1.0988,-0.96825,28,Mizoram
2019,10,-0.25675,-0.65641,-1.0433,28,Mizoram
2019,11,0.84723,-0.92913,-0.86742,28,Mizoram
2019,12,-0.25281,-0.32369,-0.85014,28,Mizoram
2020,1,2.2976,0.66954,-0.55868,28,Mizoram
2020,2,-0.50915,1.0832,-0.9704,28,Mizoram
2020,3,-0.9895,0.029804,-1.0465,28,Mizoram
2020,4,0.67187,0.45483,-0.98304,28,Mizoram
2020,5,-0.5098,-0.49898,-0.91594,28,Mizoram
2020,6,-1.1431,-0.89279,-0.79922,28,Mizoram
2020,7,-1.9861,-1.2656,-1.3968,28,Mizoram
2020,8,-1.6977,-2.0143,-1.3726,28,Mizoram
2020,9,-1.4425,-2.2409,-1.6049,28,Mizoram
2020,10,1.1121,-1.6657,-1.3039,28,Mizoram
2020,11,-0.072188,-1.0812,-1.3976,28,Mizoram
2020,12,-1.2257,-0.48496,-1.3866,28,Mizoram
2018,1,-0.50366,0.17343,0.23079,29,Nagaland
2018,2,0.58027,-0.69314,0.36642,29,Nagaland
2018,3,0.017424,-0.10582,0.15844,29,Nagaland
2018,4,-1.2428,-0.80135,-0.22932,29,Nagaland
2018,5,-0.38498,-0.79844,-0.32198,29,Nagaland
2018,6,-0.20793,-0.95368,-0.28313,29,Nagaland
2018,7,-0.86133,-1.209,-0.85905,29,Nagaland
2018,8,0.065202,-0.7044,-0.64635,29,Nagaland
2018,9,-1.728,-1.1615,-1.1026,29,Nagaland
2018,10,-1.5133,-1.6108,-1.5788,29,Nagaland
2018,11,-1.265,-1.6557,-1.5901,29,Nagaland
2018,12,2.1464,-1.2297,-1.2501,29,Nagaland
2019,1,-1.7935,-0.61756,-1.3551,29,Nagaland
2019,2,1.5775,1.3343,-1.1505,29,Nagaland
2019,3,0.21031,1.4918,-1.1054,29,Nagaland
2019,4,0.038827,0.42926,-0.85834,29,Nagaland
2019,5,-0.38324,0.20746,-0.83811,29,Nagaland
2019,6,-0.83183,-0.72824,-0.96903,29,Nagaland
2019,7,-0.39773,-0.85014,-0.83482,29,Nagaland
2019,8,-1.7564,-1.3971,-1.2527,29,Nagaland
2019,9,0.27071,-1.1517,-0.7964,29,Nagaland
2019,10,1.4014,-0.30679,-0.20306,29,Nagaland
2019,11,-0.071312,-0.18106,-0.1351,29,Nagaland
2019,12,-0.51423,0.83679,-0.52968,29,Nagaland
2020,1,0.92889,1.0037,-0.45108,29,Nagaland
2020,2,-0.41662,-0.25245,-0.75205,29,Nagaland
2020,3,-1.0733,-0.80137,-0.90619,29,Nagaland
2020,4,0.13989,-0.41929,-0.88936,29,Nagaland
2020,5,-0.072932,-0.56673,-0.79834,29,Nagaland
2020,6,-0.31408,-0.61384,-0.67106,29,Nagaland
2020,7,-1.8301,-1.0429,-0.97856,29,Nagaland
2020,8,-1.8896,-1.6462,-1.0078,29,Nagaland
2020,9,-1.2814,-2.013,-1.2624,29,Nagaland
2020,10,1.0709,-1.6944,-1.3935,29,Nagaland
2020,11,0.93564,-0.91073,-1.3054,29,Nagaland
2020,12,-1.2436,-0.098423,-1.3209,29,Nagaland
2018,1,-1.8873,0.20341,0.38161,3,Arunachal Pradesh
2018,2,-1.3628,-2.4498,0.33035,3,Arunachal Pradesh
2018,3,-0.7988,-1.9867,0.16926,3,Arunachal Pradesh
2018,4,-2.1052,-2.4073,-0.66272,3,Arunachal Pradesh
2018,5,-2.0219,-2.6243,-0.9162,3,Arunachal Pradesh
2018,6,-3.2718,-3.2085,-1.6047,3,Arunachal Pradesh
2018,7,-2.8841,-3.5212,-2.0363,3,Arunachal Pradesh
2018,8,-2.1951,-3.5667,-2.6048,3,Arunachal Pradesh
2018,9,-1.9921,-3.4474,-2.915,3,Arunachal Pradesh
2018,10,-1.7464,-3.1653,-3.5323,3,Arunachal Pradesh
2018,11,-0.25143,-2.8473,-3.4698,3,Arunachal Pradesh
2018,12,0.5026,-2.1724,-3.4206,3,Arunachal Pradesh
2019,1,-1.9685,-1.7476,-3.4824,3,Arunachal Pradesh
2019,2,-0.73901,-0.83304,-3.4081,3,Arunachal Pradesh
2019,3,-1.0006,-1.148,-3.3864,3,Arunachal Pradesh
2019,4,-1.4902,-1.9505,-3.4857,3,Arunachal Pradesh
2019,5,-1.3141,-2.0259,-3.4229,3,Arunachal Pradesh
2019,6,-3.1423,-2.889,-3.4437,3,Arunachal Pradesh
2019,7,-0.22117,-2.5069,-3.1114,3,Arunachal Pradesh
2019,8,-2.4819,-2.8766,-3.1128,3,Arunachal Pradesh
2019,9,-1.146,-2.6732,-2.8337,3,Arunachal Pradesh
2019,10,-0.7802,-2.0728,-2.6852,3,Arunachal Pradesh
2019,11,-0.75707,-2.3373,-2.7005,3,Arunachal Pradesh
2019,12,-0.001569,-1.4307,-2.7684,3,Arunachal Pradesh
2020,1,0.035494,-0.96899,-2.7171,3,Arunachal Pradesh
2020,2,-1.179,-1.1541,-2.7658,3,Arunachal Pradesh
2020,3,-1.4212,-1.5758,-2.7696,3,Arunachal Pradesh
2020,4,-1.2126,-1.7662,-2.8279,3,Arunachal Pradesh
2020,5,-1.1485,-2.0213,-2.7859,3,Arunachal Pradesh
2020,6,-2.1406,-2.3682,-2.6049,3,Arunachal Pradesh
2020,7,-1.3555,-2.1873,-2.7498,3,Arunachal Pradesh
2020,8,-2.0286,-2.4613,-2.5735,3,Arunachal Pradesh
2020,9,-0.66001,-2.1857,-2.3833,3,Arunachal Pradesh
2020,10,0.27215,-1.5777,-2.1583,3,Arunachal Pradesh
2020,11,-0.10202,-1.2721,-2.0697,3,Arunachal Pradesh
2020,12,-0.59479,-0.3504,-2.0886,3,Arunachal Pradesh
2018,1,-1.9545,0.3241,-0.97206,30,Odisha
2018,2,-1.711,-1.3057,-0.97502,30,Odisha
2018,3,-1.4492,-2.4018,-1.1505,30,Odisha
2018,4,1.5865,-0.21413,-0.62138,30,Odisha
2018,5,1.8003,1.3133,-0.056759,30,Odisha
2018,6,-0.56625,0.78535,-0.2346,30,Odisha
2018,7,0.59131,1.1877,-0.027182,30,Odisha
2018,8,0.1256,0.6408,0.31441,30,Odisha
2018,9,-0.12789,-0.053263,0.54685,30,Odisha
2018,10,-0.66237,0.0044226,0.13924,30,Odisha
2018,11,-1.8034,-0.56329,-0.043425,30,Odisha
2018,12,2.2193,-0.13187,0.36603,30,Odisha
2019,1,-0.8592,-0.1743,0.39769,30,Odisha
2019,2,0.29658,0.5728,0.56719,30,Odisha
2019,3,0.83694,1.3511,0.75521,30,Odisha
2019,4,0.55885,0.50156,0.5406,30,Odisha
2019,5,0.81972,1.0253,0.2091,30,Odisha
2019,6,-0.51053,0.29106,0.23556,30,Odisha
2019,7,-0.75431,-0.40526,-0.25515,30,Odisha
2019,8,1.0904,0.092353,0.13739,30,Odisha
2019,9,1.3201,0.49333,0.65037,30,Odisha
2019,10,0.87746,1.0011,1.0053,30,Odisha
2019,11,-0.50088,1.3832,1.0774,30,Odisha
2019,12,0.62979,1.0209,0.73272,30,Odisha
2020,1,0.72936,0.55708,0.82014,30,Odisha
2020,2,1.3209,0.51809,0.92214,30,Odisha
2020,3,1.6462,1.5072,1.0565,30,Odisha
2020,4,2.1856,2.2539,1.4164,30,Odisha
2020,5,0.97451,2.2319,1.4733,30,Odisha
2020,6,1.16,2.043,2.0419,30,Odisha
2020,7,-1.6172,0.84066,1.7795,30,Odisha
2020,8,1.6247,0.97729,1.8501,30,Odisha
2020,9,-1.3754,0.17844,1.2559,30,Odisha
2020,10,0.74194,-0.10054,1.1628,30,Odisha
2020,11,-0.73275,0.56857,1.1718,30,Odisha
2020,12,-1.4549,-0.65914,1.1275,30,Odisha
2018,1,-1.0937,-1.5643,-2.0945,31,Puducherry
2018,2,1.0235,-1.2113,-2.0298,31,Puducherry
2018,3,1.554,-0.37752,-1.9381,31,Puducherry
2018,4,0.19963,0.33933,-1.8963,31,Puducherry
2018,5,0.24152,0.78622,-1.8686,31,Puducherry
2018,6,0.30291,0.64501,-1.8623,31,Puducherry
2018,7,-1.0592,-0.95477,-1.8435,31,Puducherry
2018,8,-0.78986,-1.1222,-1.7794,31,Puducherry
2018,9,0.42819,-0.49932,-1.3988,31,Puducherry
2018,10,-0.25832,-0.59424,-1.1459,31,Puducherry
2018,11,-0.43288,-0.55522,-0.89883,31,Puducherry
2018,12,-1.0503,-0.73606,-0.98691,31,Puducherry
2019,1,-1.3387,-1.0792,-0.96744,31,Puducherry
2019,2,-0.17511,-1.0574,-1.0116,31,Puducherry
2019,3,-0.43561,-1.378,-1.1543,31,Puducherry
2019,4,-0.39703,-1.1594,-1.1668,31,Puducherry
2019,5,0.76214,-0.12628,-1.1297,31,Puducherry
2019,6,-0.79568,-0.31895,-1.1793,31,Puducherry
2019,7,1.6125,1.1203,-0.74186,31,Puducherry
2019,8,0.72719,1.2478,-0.47149,31,Puducherry
2019,9,0.97701,1.5111,-0.52667,31,Puducherry
2019,10,0.094172,1.0511,-0.38014,31,Puducherry
2019,11,-0.97232,-0.30505,-0.62275,31,Puducherry
2019,12,0.22616,-0.45627,-0.25779,31,Puducherry
2020,1,-0.49879,-0.73728,-0.19258,31,Puducherry
2020,2,-0.10065,-0.79268,-0.18649,31,Puducherry
2020,3,0.26737,-0.12936,-0.14215,31,Puducherry
2020,4,0.53777,-0.35927,-0.13831,31,Puducherry
2020,5,-0.22029,-0.28594,-0.22956,31,Puducherry
2020,6,1.579,0.63296,-0.031108,31,Puducherry
2020,7,0.4276,0.62178,-0.30787,31,Puducherry
2020,8,-0.47106,0.21079,-0.5579,31,Puducherry
2020,9,0.81109,0.71396,-0.60191,31,Puducherry
2020,10,-0.29447,-0.19198,-0.70298,31,Puducherry
2020,11,0.53012,0.12054,0.017283,31,Puducherry
2020,12,1.6346,1.2286,0.92483,31,Puducherry
2018,1,-0.81191,-0.85796,-1.0542,32,Punjab
2018,2,-0.27738,-0.50904,-0.94587,32,Punjab
2018,3,-1.1151,-1.1955,-0.99218,32,Punjab
2018,4,0.16704,-1.0388,-0.85515,32,Punjab
2018,5,0.44504,-0.50547,-0.7476,32,Punjab
2018,6,1.6439,1.0317,-0.67875,32,Punjab
2018,7,0.52594,1.4213,-0.033951,32,Punjab
2018,8,-1.2203,0.38658,-0.37825,32,Punjab
2018,9,0.73753,0.57029,0.11374,32,Punjab
2018,10,-0.12659,-0.050964,0.17475,32,Punjab
2018,11,0.79023,-0.34397,0.16132,32,Punjab
2018,12,-0.12985,0.53367,0.16196,32,Punjab
2019,1,0.9932,0.37042,0.34645,32,Punjab
2019,2,1.7832,1.4709,0.74191,32,Punjab
2019,3,0.63766,1.37,0.88997,32,Punjab
2019,4,1.4532,1.8151,1.0758,32,Punjab
2019,5,1.4026,1.9298,1.1889,32,Punjab
2019,6,-0.24349,1.0847,0.74926,32,Punjab
2019,7,0.74535,1.3291,0.95802,32,Punjab
2019,8,0.064509,0.68168,1.3379,32,Punjab
2019,9,-0.068825,0.14058,1.009,32,Punjab
2019,10,1.0269,0.28525,1.0687,32,Punjab
2019,11,2.615,0.3894,1.3084,32,Punjab
2019,12,1.9188,0.95212,1.4906,32,Punjab
2020,1,1.6235,2.1047,1.5396,32,Punjab
2020,2,0.04434,2.0322,1.2657,32,Punjab
2020,3,2.1622,2.1914,1.5766,32,Punjab
2020,4,1.6056,2.125,1.5157,32,Punjab
2020,5,1.4586,2.0609,1.4694,32,Punjab
2020,6,0.83019,2.1472,1.6354,32,Punjab
2020,7,0.39832,1.3997,1.7236,32,Punjab
2020,8,0.0036654,0.77494,1.6456,32,Punjab
2020,9,-0.39751,0.17854,1.5693,32,Punjab
2020,10,-2.024,-0.14488,1.4274,32,Punjab
2020,11,1.6511,-0.35456,1.2757,32,Punjab
2020,12,0.51241,-0.4082,1.0824,32,Punjab
2018,1,-2.5909,-1.7368,-0.077834,33,Rajasthan
2018,2,-1.0007,-1.0869,-0.054437,33,Rajasthan
2018,3,-1.4201,-1.9367,-0.14528,33,Rajasthan
2018,4,0.1529,-1.57,0.037109,33,Rajasthan
2018,5,-0.8433,-1.1334,-0.047754,33,Rajasthan
2018,6,1.0441,0.2714,-0.20177,33,Rajasthan
2018,7,0.43816,0.72568,-0.73817,33,Rajasthan
2018,8,-0.68676,-0.022836,-0.76035,33,Rajasthan
2018,9,-0.21886,-0.10017,-0.56347,33,Rajasthan
2018,10,-1.3617,-0.51452,-0.49546,33,Rajasthan
2018,11,-0.84011,-0.89918,-0.538,33,Rajasthan
2018,12,-0.17528,-0.65897,-0.56561,33,Rajasthan
2019,1,0.5349,-0.76223,-0.38672,33,Rajasthan
2019,2,1.3422,0.72276,-0.16711,33,Rajasthan
2019,3,1.0492,1.2559,0.033674,33,Rajasthan
2019,4,0.14821,1.2749,0.033634,33,Rajasthan
2019,5,1.6122,1.8024,0.43159,33,Rajasthan
2019,6,-0.14125,1.252,0.18708,33,Rajasthan
2019,7,0.94539,1.4065,0.51101,33,Rajasthan
2019,8,1.4662,1.8623,1.6667,33,Rajasthan
2019,9,0.88611,1.5358,1.8805,33,Rajasthan
2019,10,1.4448,1.6798,1.966,33,Rajasthan
2019,11,2.5216,1.6947,2.1575,33,Rajasthan
2019,12,2.0973,1.5695,2.2074,33,Rajasthan
2020,1,1.6433,2.2466,2.2131,33,Rajasthan
2020,2,-0.35867,1.9813,2.134,33,Rajasthan
2020,3,2.3582,2.1659,2.2981,33,Rajasthan
2020,4,1.1623,2.0212,2.3301,33,Rajasthan
2020,5,0.37813,1.7236,2.1519,33,Rajasthan
2020,6,0.70934,1.7898,2.2008,33,Rajasthan
2020,7,-0.53145,0.15698,1.7658,33,Rajasthan
2020,8,1.1272,0.70572,1.7215,33,Rajasthan
2020,9,0.19593,0.47425,1.3674,33,Rajasthan
2020,10,-0.60871,0.31529,1.1858,33,Rajasthan
2020,11,0.8483,0.76377,1.0171,33,Rajasthan
2020,12,0.033739,0.044252,0.92258,33,Rajasthan
2018,1,-1.6345,0.2104,0.9155,34,Sikkim
2018,2,-0.57198,-2.116,0.9557,34,Sikkim
2018,3,0.33119,-0.43345,0.68793,34,Sikkim
2018,4,0.42993,0.12692,-0.079314,34,Sikkim
2018,5,-1.4762,-0.55453,-0.55835,34,Sikkim
2018,6,-1.9766,-1.6831,-1.1918,34,Sikkim
2018,7,-1.8125,-2.195,-1.5873,34,Sikkim
2018,8,-1.8025,-2.2937,-2.2061,34,Sikkim
2018,9,-2.1527,-2.3502,-2.495,34,Sikkim
2018,10,-1.0655,-2.3542,-2.5364,34,Sikkim
2018,11,-1.2331,-2.7017,-2.5483,34,Sikkim
2018,12,0.50996,-2.1757,-2.5253,34,Sikkim
2019,1,0.23221,-0.81214,-2.479,34,Sikkim
2019,2,0.97439,0.40457,-2.4285,34,Sikkim
2019,3,0.44556,0.65828,-2.4612,34,Sikkim
2019,4,-0.055139,0.33373,-2.4978,34,Sikkim
2019,5,-1.3188,-0.60147,-2.648,34,Sikkim
2019,6,-2.0007,-1.7618,-2.7105,34,Sikkim
2019,7,-1.07,-1.8555,-2.5582,34,Sikkim
2019,8,-2.4434,-2.3119,-2.5232,34,Sikkim
2019,9,-0.58612,-2.0849,-2.2516,34,Sikkim
2019,10,-0.74911,-1.865,-2.1421,34,Sikkim
2019,11,-1.8308,-2.2559,-2.1598,34,Sikkim
2019,12,0.27556,-1.0641,-2.17,34,Sikkim
2020,1,0.36439,-0.98555,-2.184,34,Sikkim
2020,2,-0.84187,-0.86652,-2.2381,34,Sikkim
2020,3,0.29617,-0.054232,-2.2529,34,Sikkim
2020,4,0.1137,-0.068966,-2.3097,34,Sikkim
2020,5,-1.1946,-0.82655,-2.3372,34,Sikkim
2020,6,-1.525,-1.4842,-2.2072,34,Sikkim
2020,7,-1.3983,-1.7467,-2.4132,34,Sikkim
2020,8,-1.9223,-1.9545,-2.1066,34,Sikkim
2020,9,-0.59107,-1.6455,-1.9696,34,Sikkim
2020,10,-0.24742,-1.5506,-1.8181,34,Sikkim
2020,11,-1.5917,-1.6197,-1.829,34,Sikkim
2020,12,-0.8758,-0.61253,-1.8357,34,Sikkim
2018,1,-0.90388,-2.0092,-2.6207,35,Tamil Nadu
2018,2,-0.066499,-1.638,-2.5171,35,Tamil Nadu
2018,3,0.75724,-0.63926,-2.37,35,Tamil Nadu
2018,4,-0.80842,-0.49753,-2.2523,35,Tamil Nadu
2018,5,1.4142,0.72158,-1.8116,35,Tamil Nadu
2018,6,0.50176,0.9119,-1.6393,35,Tamil Nadu
2018,7,-0.10252,0.41969,-1.338,35,Tamil Nadu
2018,8,-0.69161,0.27547,-1.3631,35,Tamil Nadu
2018,9,0.048863,-0.32265,-1.2543,35,Tamil Nadu
2018,10,-0.42861,-0.58219,-0.96981,35,Tamil Nadu
2018,11,-0.682,-0.77585,-0.69924,35,Tamil Nadu
2018,12,-1.2679,-1.0998,-0.84788,35,Tamil Nadu
2019,1,-1.595,-1.4001,-0.82774,35,Tamil Nadu
2019,2,-0.85416,-1.5386,-0.86703,35,Tamil Nadu
2019,3,-1.8282,-1.9059,-1.0518,35,Tamil Nadu
2019,4,-0.52885,-1.3081,-0.96156,35,Tamil Nadu
2019,5,-0.68932,-1.207,-1.3428,35,Tamil Nadu
2019,6,-0.84469,-1.2986,-1.456,35,Tamil Nadu
2019,7,-0.39467,-0.81358,-1.4499,35,Tamil Nadu
2019,8,1.0057,0.024677,-1.1514,35,Tamil Nadu
2019,9,1.7233,1.2828,-0.79456,35,Tamil Nadu
2019,10,0.68754,1.4049,-0.39657,35,Tamil Nadu
2019,11,-0.6807,0.73907,-0.41205,35,Tamil Nadu
2019,12,0.52771,0.45853,-0.014442,35,Tamil Nadu
2020,1,-0.77672,-0.22191,0.036642,35,Tamil Nadu
2020,2,-0.83627,-0.71895,0.018734,35,Tamil Nadu
2020,3,-0.47446,-0.25551,0.086399,35,Tamil Nadu
2020,4,-0.24393,-0.90442,0.051275,35,Tamil Nadu
2020,5,-0.32404,-0.8879,0.072972,35,Tamil Nadu
2020,6,0.82045,-0.29559,0.23136,35,Tamil Nadu
2020,7,1.7588,0.98667,0.70943,35,Tamil Nadu
2020,8,0.41166,1.2596,0.56658,35,Tamil Nadu
2020,9,1.374,1.8074,0.46413,35,Tamil Nadu
2020,10,-1.1868,0.6989,-0.10407,35,Tamil Nadu
2020,11,0.38932,0.19225,0.32881,35,Tamil Nadu
2020,12,1.0907,0.5045,0.58159,35,Tamil Nadu
2018,1,-2.5008,-0.14358,-0.77592,36,Telangana
2018,2,-0.80562,-2.2812,-0.73738,36,Telangana
2018,3,-0.65983,-2.1297,-0.73984,36,Telangana
2018,4,0.48392,-0.84996,-0.50919,36,Telangana
2018,5,0.85242,0.30183,-0.27337,36,Telangana
2018,6,1.261,1.2353,-0.31785,36,Telangana
2018,7,-0.038181,0.95638,0.10458,36,Telangana
2018,8,1.3147,1.2635,0.71513,36,Telangana
2018,9,-1.5413,0.52615,0.48012,36,Telangana
2018,10,-1.7082,-0.37555,-0.11697,36,Telangana
2018,11,-2.0278,-0.59987,-0.15616,36,Telangana
2018,12,1.1321,-1.9965,0.039519,36,Telangana
2019,1,-0.059448,-1.5079,0.14503,36,Telangana
2019,2,-0.30233,-0.51514,0.1566,36,Telangana
2019,3,-0.78246,-0.062725,0.15481,36,Telangana
2019,4,-1.1547,-0.94417,0.063196,36,Telangana
2019,5,-1.3287,-1.6448,-0.15258,36,Telangana
2019,6,-0.61603,-1.2371,-0.83276,36,Telangana
2019,7,0.070276,-0.69036,-0.87137,36,Telangana
2019,8,0.83827,0.039034,-1.2284,36,Telangana
2019,9,1.0203,0.57276,-0.21347,36,Telangana
2019,10,1.354,1.1813,0.58097,36,Telangana
2019,11,-0.28412,1.3876,0.65277,36,Telangana
2019,12,1.1013,1.2753,0.57626,36,Telangana
2020,1,0.61615,1.1494,0.58737,36,Telangana
2020,2,0.73116,0.24667,0.63835,36,Telangana
2020,3,1.0608,0.95215,0.74921,36,Telangana
2020,4,0.20041,0.72161,0.77308,36,Telangana
2020,5,0.1715,0.61333,0.85952,36,Telangana
2020,6,1.3141,1.2181,1.3792,36,Telangana
2020,7,0.91911,1.3172,1.767,36,Telangana
2020,8,1.9171,1.9134,2.1322,36,Telangana
2020,9,1.338,2.0807,2.1602,36,Telangana
2020,10,1.4299,2.0892,2.1349,36,Telangana
2020,11,-0.48478,2.1965,2.1702,36,Telangana
2020,12,-1.0643,1.4606,2.1208,36,Telangana
2018,1,0.86613,1.2443,1.5266,37,Tripura
2018,2,-0.61964,0.46788,1.5432,37,Tripura
2018,3,-0.22015,0.51523,1.2082,37,Tripura
2018,4,0.019985,-0.36007,0.72814,37,Tripura
2018,5,0.92314,0.17761,1.2646,37,Tripura
2018,6,-0.40188,-0.036496,0.62555,37,Tripura
2018,7,-1.7394,-0.54432,0.079122,37,Tripura
2018,8,-2.4058,-1.3685,-0.68443,37,Tripura
2018,9,-2.5195,-2.748,-1.242,37,Tripura
2018,10,-0.87984,-3.1287,-1.7304,37,Tripura
2018,11,-1.0251,-2.8967,-1.7496,37,Tripura
2018,12,1.1628,-2.152,-1.9976,37,Tripura
2019,1,-2.1555,-1.2088,-2.0387,37,Tripura
2019,2,1.2781,0.078608,-1.8941,37,Tripura
2019,3,-0.14785,0.31912,-1.8453,37,Tripura
2019,4,-0.041703,-0.047056,-1.9862,37,Tripura
2019,5,-1.124,-0.66052,-2.617,37,Tripura
2019,6,-0.90793,-1.1943,-2.5947,37,Tripura
2019,7,0.36821,-0.9193,-2.1537,37,Tripura
2019,8,-1.2086,-1.3575,-1.9371,37,Tripura
2019,9,-0.3102,-0.99285,-1.5001,37,Tripura
2019,10,0.021619,-0.53276,-1.2483,37,Tripura
2019,11,1.1531,-0.573,-1.0054,37,Tripura
2019,12,0.71627,0.058044,-1.0357,37,Tripura
2020,1,2.0788,0.73629,-0.86055,37,Tripura
2020,2,-0.61302,0.98443,-1.0474,37,Tripura
2020,3,-0.58653,-0.21321,-1.0825,37,Tripura
2020,4,0.52929,0.24274,-0.93828,37,Tripura
2020,5,-0.65665,-0.50407,-0.83742,37,Tripura
2020,6,0.27863,-0.22187,-0.37153,37,Tripura
2020,7,-0.39178,-0.20643,-0.599,37,Tripura
2020,8,-0.60095,-0.61892,-0.41804,37,Tripura
2020,9,0.045878,-0.27882,-0.31708,37,Tripura
2020,10,0.9068,-0.062429,-0.058446,37,Tripura
2020,11,-0.4169,0.025608,-0.26069,37,Tripura
2020,12,0.0026763,0.31042,-0.27244,37,Tripura
2018,1,-1.248,-1.688,0.10962,38,Uttarakhand
2018,2,-1.0652,-1.6752,0.16299,38,Uttarakhand
2018,3,-1.1472,-1.8527,0.054625,38,Uttarakhand
2018,4,1.4597,-1.0774,0.14342,38,Uttarakhand
2018,5,0.60118,-0.22977,-0.05228,38,Uttarakhand
2018,6,-0.20383,-0.019066,-0.26795,38,Uttarakhand
2018,7,-0.33493,0.054887,-0.68779,38,Uttarakhand
2018,8,-0.53771,-0.45502,-0.87226,38,Uttarakhand
2018,9,-0.15404,-0.6217,-1.0978,38,Uttarakhand
2018,10,-0.48615,-0.60678,-1.0518,38,Uttarakhand
2018,11,1.566,-0.015176,-0.56594,38,Uttarakhand
2018,12,-0.60512,0.12141,-0.60615,38,Uttarakhand
2019,1,1.215,0.82248,-0.20187,38,Uttarakhand
2019,2,2.0093,2.0271,0.87589,38,Uttarakhand
2019,3,0.26664,1.7255,0.98411,38,Uttarakhand
2019,4,0.66282,2.0081,0.85265,38,Uttarakhand
2019,5,-0.25299,1.5252,0.7553,38,Uttarakhand
2019,6,-1.2697,-0.84992,0.52802,38,Uttarakhand
2019,7,-1.4204,-1.6372,0.21596,38,Uttarakhand
2019,8,-0.86144,-1.834,0.055381,38,Uttarakhand
2019,9,-0.21722,-1.571,0.0093537,38,Uttarakhand
2019,10,-0.38686,-1.2194,0.021927,38,Uttarakhand
2019,11,2.2745,-0.10748,0.14336,38,Uttarakhand
2019,12,1.8071,0.7998,0.42716,38,Uttarakhand
2020,1,1.1171,1.5491,0.41417,38,Uttarakhand
2020,2,0.0013184,1.7624,-0.54436,38,Uttarakhand
2020,3,1.6469,1.7408,-0.21254,38,Uttarakhand
2020,4,1.4407,1.667,-0.093453,38,Uttarakhand
2020,5,1.3101,1.6647,0.13195,38,Uttarakhand
2020,6,-0.24628,1.1544,0.35618,38,Uttarakhand
2020,7,-1.4331,-0.45633,0.30194,38,Uttarakhand
2020,8,-1.1726,-1.2022,0.22096,38,Uttarakhand
2020,9,-1.9262,-1.9979,-0.26144,38,Uttarakhand
2020,10,-2.3142,-2.1223,-0.35385,38,Uttarakhand
2020,11,0.013254,-1.8662,-0.80066,38,Uttarakhand
2020,12,-0.62081,-1.9733,-1.173,38,Uttarakhand
2018,1,-0.59864,-1.4881,-1.6632,39,Uttar Pradesh
2018,2,-0.50258,-0.76178,-1.5598,39,Uttar Pradesh
2018,3,-1.7072,-1.4507,-1.6188,39,Uttar Pradesh
2018,4,1.0869,-0.49381,-1.3671,39,Uttar Pradesh
2018,5,0.74762,0.1498,-1.2524,39,Uttar Pradesh
2018,6,-0.5229,-0.18805,-1.339,39,Uttar Pradesh
2018,7,0.9737,0.74628,-0.87556,39,Uttar Pradesh
2018,8,0.33871,0.62584,-0.18152,39,Uttar Pradesh
2018,9,-0.50249,0.1651,-0.071643,39,Uttar Pradesh
2018,10,-1.5133,0.14,-0.087408,39,Uttar Pradesh
2018,11,-0.2153,-0.47241,-0.1006,39,Uttar Pradesh
2018,12,-0.18604,-1.0189,-0.090797,39,Uttar Pradesh
2019,1,0.46816,-1.0496,0.026292,39,Uttar Pradesh
2019,2,1.6494,0.97015,0.23564,39,Uttar Pradesh
2019,3,1.0945,1.2946,0.39642,39,Uttar Pradesh
2019,4,0.86443,1.5506,0.33287,39,Uttar Pradesh
2019,5,-0.76161,1.1689,0.15258,39,Uttar Pradesh
2019,6,-0.9353,-0.47073,0.086207,39,Uttar Pradesh
2019,7,0.91971,0.35142,0.12627,39,Uttar Pradesh
2019,8,-0.83453,-0.27096,-0.38958,39,Uttar Pradesh
2019,9,0.73631,0.15311,0.16871,39,Uttar Pradesh
2019,10,0.36327,0.43948,0.35338,39,Uttar Pradesh
2019,11,1.3957,0.021514,0.43275,39,Uttar Pradesh
2019,12,2.698,1.2007,0.79531,39,Uttar Pradesh
2020,1,1.9063,1.7419,0.88907,39,Uttar Pradesh
2020,2,0.59674,2.2649,0.72843,39,Uttar Pradesh
2020,3,2.3568,2.5881,0.95648,39,Uttar Pradesh
2020,4,1.9439,2.4025,1.0758,39,Uttar Pradesh
2020,5,2.0065,2.6027,1.3931,39,Uttar Pradesh
2020,6,1.1376,2.2548,1.8551,39,Uttar Pradesh
2020,7,0.040015,1.2194,1.5537,39,Uttar Pradesh
2020,8,-0.50445,0.6564,1.7577,39,Uttar Pradesh
2020,9,-1.2244,-0.3576,1.0628,39,Uttar Pradesh
2020,10,-1.625,-1.0124,0.84565,39,Uttar Pradesh
2020,11,0.92708,-1.2848,0.81503,39,Uttar Pradesh
2020,12,0.40465,-1.4817,0.48054,39,Uttar Pradesh
2018,1,-0.51698,0.49365,0.55213,4,Assam
2018,2,0.20894,-0.67947,0.61192,4,Assam
2018,3,0.28618,0.028106,0.41344,4,Assam
2018,4,-0.67844,-0.46013,-0.34781,4,Assam
2018,5,-0.59708,-0.67458,-0.34138,4,Assam
2018,6,-1.4914,-1.2977,-0.6214,4,Assam
2018,7,-1.0966,-1.611,-0.76767,4,Assam
2018,8,-0.52389,-1.5558,-0.92895,4,Assam
2018,9,-0.57718,-1.4493,-1.1178,4,Assam
2018,10,-1.6531,-1.5485,-1.698,4,Assam
2018,11,-0.86346,-1.4707,-1.7043,4,Assam
2018,12,2.0845,-0.44275,-1.3005,4,Assam
2019,1,-2.4213,-0.48539,-1.3993,4,Assam
2019,2,1.5143,1.6515,-1.0809,4,Assam
2019,3,-0.2327,1.3792,-1.1362,4,Assam
2019,4,0.11986,0.33832,-0.99253,4,Assam
2019,5,0.55609,0.66745,-0.5904,4,Assam
2019,6,-0.80511,-0.1771,-0.39562,4,Assam
2019,7,0.99323,0.12947,-0.04484,4,Assam
2019,8,-1.6989,-0.55926,-0.36513,4,Assam
2019,9,0.47922,-0.7161,-0.16094,4,Assam
2019,10,0.69188,-0.11671,0.26417,4,Assam
2019,11,-0.10019,-0.46094,0.3034,4,Assam
2019,12,0.056484,0.59171,-0.052543,4,Assam
2020,1,1.2189,0.6045,0.068135,4,Assam
2020,2,-0.23143,-0.0019377,-0.27954,4,Assam
2020,3,-0.58002,-0.37722,-0.31945,4,Assam
2020,4,-0.15782,-0.36717,-0.38023,4,Assam
2020,5,0.61857,-0.084737,-0.32095,4,Assam
2020,6,0.74082,0.24862,0.050648,4,Assam
2020,7,-0.39056,0.1953,-0.24475,4,Assam
2020,8,-1.1929,-0.14982,-0.097665,4,Assam
2020,9,0.68522,0.031136,0.080703,4,Assam
2020,10,0.55144,-0.11664,0.027751,4,Assam
2020,11,-0.86874,-0.00015121,0.011313,4,Assam
2020,12,-0.69559,0.70118,0.0018163,4,Assam
2018,1,-0.15346,1.1188,0.53509,40,West Bengal
2018,2,-0.87364,-0.59136,0.52153,40,West Bengal
2018,3,0.07635,-0.41769,0.4026,40,West Bengal
2018,4,1.9058,1.2999,0.86414,40,West Bengal
2018,5,0.29,1.1545,0.95878,40,West Bengal
2018,6,-0.35639,0.67902,1.1267,40,West Bengal
2018,7,-0.8871,0.21292,0.14981,40,West Bengal
2018,8,-1.5906,-1.065,-0.19122,40,West Bengal
2018,9,-0.96591,-1.5551,-0.24598,40,West Bengal
2018,10,-1.0764,-2.008,-1.0311,40,West Bengal
2018,11,-1.1603,-2.0388,-1.1319,40,West Bengal
2018,12,1.5896,-1.2673,-1.0436,40,West Bengal
2019,1,-0.97622,-1.1349,-1.0287,40,West Bengal
2019,2,1.9102,1.1567,-0.63465,40,West Bengal
2019,3,0.97848,1.5899,-0.52844,40,West Bengal
2019,4,1.5965,1.8395,-0.70399,40,West Bengal
2019,5,0.78552,1.8673,-0.59632,40,West Bengal
2019,6,-1.5387,0.23134,-1.1277,40,West Bengal
2019,7,-1.2965,-0.5542,-1.2277,40,West Bengal
2019,8,-0.10529,-1.0965,-0.7844,40,West Bengal
2019,9,1.2986,-0.81782,-0.032499,40,West Bengal
2019,10,0.69247,0.24532,0.45192,40,West Bengal
2019,11,1.135,1.109,0.751,40,West Bengal
2019,12,1.6009,1.456,0.69812,40,West Bengal
2020,1,1.7848,1.3854,0.90167,40,West Bengal
2020,2,0.74302,1.7667,0.67521,40,West Bengal
2020,3,1.6485,1.7818,0.78072,40,West Bengal
2020,4,2.2414,2.4459,1.0899,40,West Bengal
2020,5,1.6041,2.4489,1.3923,40,West Bengal
2020,6,1.0565,2.348,2.2641,40,West Bengal
2020,7,-0.028301,1.9004,2.3803,40,West Bengal
2020,8,-0.16685,1.0308,2.2057,40,West Bengal
2020,9,0.05394,0.46613,2.0584,40,West Bengal
2020,10,-0.4606,-0.3385,1.7474,40,West Bengal
2020,11,-1.0254,-0.44147,1.5763,40,West Bengal
2020,12,0.5649,-0.36071,1.5254,40,West Bengal
2018,1,0.80805,-0.24494,-0.44448,5,Bihar
2018,2,-0.042967,-0.030513,-0.37818,5,Bihar
2018,3,-0.69472,-0.17947,-0.52395,5,Bihar
2018,4,1.5932,0.77823,-0.38565,5,Bihar
2018,5,0.42109,0.7601,-0.50369,5,Bihar
2018,6,-1.1839,-0.50299,-0.48941,5,Bihar
2018,7,-0.20719,-0.45101,-0.88527,5,Bihar
2018,8,-0.4463,-0.99613,-1.226,5,Bihar
2018,9,-1.5946,-1.5745,-1.3236,5,Bihar
2018,10,-1.4051,-1.5748,-1.5571,5,Bihar
2018,11,-0.96204,-1.8186,-1.5919,5,Bihar
2018,12,0.84849,-1.9319,-1.5244,5,Bihar
2019,1,-0.89281,-1.4038,-1.5342,5,Bihar
2019,2,1.7882,0.96225,-1.1808,5,Bihar
2019,3,1.1562,1.4765,-1.0473,5,Bihar
2019,4,1.7455,1.8638,-0.9823,5,Bihar
2019,5,-1.1527,1.4516,-1.1821,5,Bihar
2019,6,-0.97243,-0.27689,-1.0911,5,Bihar
2019,7,1.2912,0.61748,-0.28471,5,Bihar
2019,8,-1.7194,-0.64202,-0.70025,5,Bihar
2019,9,2.165,0.91005,0.96383,5,Bihar
2019,10,-0.11448,1.298,1.0976,5,Bihar
2019,11,0.46831,0.66217,1.1366,5,Bihar
2019,12,2.4547,1.9562,1.1893,5,Bihar
2020,1,1.4177,0.47065,1.2834,5,Bihar
2020,2,1.5984,1.7509,1.1804,5,Bihar
2020,3,2.6462,2.5716,1.4782,5,Bihar
2020,4,2.4133,2.797,1.7054,5,Bihar
2020,5,1.2811,2.8527,1.9518,5,Bihar
2020,6,1.7389,2.5355,2.6138,5,Bihar
2020,7,1.3052,2.3683,2.553,5,Bihar
2020,8,-1.0198,1.4483,2.6312,5,Bihar
2020,9,0.98951,1.4743,2.2202,5,Bihar
2020,10,-0.68444,0.63981,2.1631,5,Bihar
2020,11,-0.35825,-0.27952,2.1895,5,Bihar
2020,12,1.2407,0.52763,2.1333,5,Bihar
2018,1,-0.74981,-0.9555,-1.6537,6,Chand|Garh
2018,2,-0.051686,-0.54732,-1.3878,6,Chand|Garh
2018,3,-1.3126,-1.0432,-1.419,6,Chand|Garh
2018,4,-0.47376,-1.2398,-1.3731,6,Chand|Garh
2018,5,-0.24802,-1.0114,-1.3255,6,Chand|Garh
2018,6,1.4526,0.49535,-1.0929,6,Chand|Garh
2018,7,-0.88583,0.021645,-0.87868,6,Chand|Garh
2018,8,-1.0522,-0.66307,-1.1306,6,Chand|Garh
2018,9,1.6721,0.80211,0.12079,6,Chand|Garh
2018,10,-0.70926,0.22722,0.1478,6,Chand|Garh
2018,11,0.69635,0.67406,0.16032,6,Chand|Garh
2018,12,-0.73579,1.344,0.084604,6,Chand|Garh
2019,1,0.11018,-0.58278,0.20223,6,Chand|Garh
2019,2,1.6167,1.267,0.7362,6,Chand|Garh
2019,3,0.033288,1.0731,0.82625,6,Chand|Garh
2019,4,1.2362,1.356,0.93844,6,Chand|Garh
2019,5,0.40629,1.3376,0.97103,6,Chand|Garh
2019,6,-0.70428,-0.16831,0.44968,6,Chand|Garh
2019,7,0.34648,0.17689,0.90237,6,Chand|Garh
2019,8,-0.33236,-0.34661,1.1662,6,Chand|Garh
2019,9,0.32045,-0.21396,0.2667,6,Chand|Garh
2019,10,-0.018362,-0.065074,0.29796,6,Chand|Garh
2019,11,2.1427,-0.025371,0.45126,6,Chand|Garh
2019,12,1.2003,0.57865,0.63091,6,Chand|Garh
2020,1,0.68189,1.0507,0.70103,6,Chand|Garh
2020,2,-0.51413,0.74407,0.021246,6,Chand|Garh
2020,3,1.5748,1.01,0.35325,6,Chand|Garh
2020,4,1.3359,1.0203,0.34636,6,Chand|Garh
2020,5,0.91452,1.0107,0.39205,6,Chand|Garh
2020,6,0.90591,1.6246,0.76566,6,Chand|Garh
2020,7,-0.14888,0.78346,0.61148,6,Chand|Garh
2020,8,-0.43707,0.036128,0.59364,6,Chand|Garh
2020,9,-1.8462,-0.91727,-0.079264,6,Chand|Garh
2020,10,-2.1638,-1.3075,-0.14739,6,Chand|Garh
2020,11,1.2815,-1.4436,-0.28687,6,Chand|Garh
2020,12,0.0018044,-1.7611,-0.46236,6,Chand|Garh
2018,1,-2.3923,-0.90533,-1.5953,7,Chhatt|Sgarh
2018,2,-0.067965,-1.4006,-1.4052,7,Chhatt|Sgarh
2018,3,-1.1887,-1.5354,-1.4294,7,Chhatt|Sgarh
2018,4,1.2424,0.096928,-1.0559,7,Chhatt|Sgarh
2018,5,1.4915,1.2782,-0.65437,7,Chhatt|Sgarh
2018,6,0.023238,0.76384,-0.68264,7,Chhatt|Sgarh
2018,7,0.084389,0.8312,-0.58009,7,Chhatt|Sgarh
2018,8,-0.89286,-0.032712,-0.31799,7,Chhatt|Sgarh
2018,9,-1.5626,-1.1646,-0.64851,7,Chhatt|Sgarh
2018,10,-1.9574,-1.4923,-0.88109,7,Chhatt|Sgarh
2018,11,-2.3557,-1.9856,-0.92785,7,Chhatt|Sgarh
2018,12,1.7814,-1.8299,-0.73855,7,Chhatt|Sgarh
2019,1,-0.15928,-1.3852,-0.66916,7,Chhatt|Sgarh
2019,2,0.057691,0.11899,-0.74472,7,Chhatt|Sgarh
2019,3,0.81737,0.97799,-0.5383,7,Chhatt|Sgarh
2019,4,-0.30768,0.13159,-0.76335,7,Chhatt|Sgarh
2019,5,-1.1047,-0.14781,-1.2345,7,Chhatt|Sgarh
2019,6,-0.5995,-0.57042,-1.432,7,Chhatt|Sgarh
2019,7,-0.52752,-1.021,-1.774,7,Chhatt|Sgarh
2019,8,-0.015071,-0.80078,-1.3646,7,Chhatt|Sgarh
2019,9,1.2587,-0.0065469,-0.31474,7,Chhatt|Sgarh
2019,10,0.80801,0.47332,0.15358,7,Chhatt|Sgarh
2019,11,-0.51376,0.864,0.19244,7,Chhatt|Sgarh
2019,12,1.1246,1.2447,0.079185,7,Chhatt|Sgarh
2020,1,1.4508,1.0616,0.21603,7,Chhatt|Sgarh
2020,2,1.2561,1.1498,0.26519,7,Chhatt|Sgarh
2020,3,1.8628,1.846,0.38847,7,Chhatt|Sgarh
2020,4,1.1173,1.8836,0.49784,7,Chhatt|Sgarh
2020,5,1.0599,1.8225,0.76183,7,Chhatt|Sgarh
2020,6,1.6032,1.9652,1.5997,7,Chhatt|Sgarh
2020,7,-1.8423,0.57896,1.2745,7,Chhatt|Sgarh
2020,8,1.0398,0.99201,1.6595,7,Chhatt|Sgarh
2020,9,-0.85843,0.25592,1.0482,7,Chhatt|Sgarh
2020,10,0.64457,-0.56449,0.93386,7,Chhatt|Sgarh
2020,11,-0.66771,0.34753,0.9417,7,Chhatt|Sgarh
2020,12,-1.2146,-0.58563,0.89172,7,Chhatt|Sgarh
2018,1,-0.88139,1.7908,0.73166,8,Dadra & Nagar Haveli & Daman & Diu
2018,2,-0.78821,1.8393,0.73862,8,Dadra & Nagar Haveli & Daman & Diu
2018,3,-0.13797,2.2568,0.73035,8,Dadra & Nagar Haveli & Daman & Diu
2018,4,0.52974,-0.35845,0.73376,8,Dadra & Nagar Haveli & Daman & Diu
2018,5,0.11559,-0.09966,0.73008,8,Dadra & Nagar Haveli & Daman & Diu
2018,6,1.1947,1.1623,0.77995,8,Dadra & Nagar Haveli & Daman & Diu
2018,7,0.76526,0.9828,1.2872,8,Dadra & Nagar Haveli & Daman & Diu
2018,8,-0.7101,0.59798,0.89089,8,Dadra & Nagar Haveli & Daman & Diu
2018,9,-1.1944,0.087803,0.42719,8,Dadra & Nagar Haveli & Daman & Diu
2018,10,-0.36169,-0.44383,0.24048,8,Dadra & Nagar Haveli & Daman & Diu
2018,11,-1.9288,-1.2553,0.22368,8,Dadra & Nagar Haveli & Daman & Diu
2018,12,0.48012,-1.2281,-0.017489,8,Dadra & Nagar Haveli & Daman & Diu
2019,1,-0.59927,-0.64129,-0.0010649,8,Dadra & Nagar Haveli & Daman & Diu
2019,2,0.58182,-0.64654,0.010249,8,Dadra & Nagar Haveli & Daman & Diu
2019,3,0.68978,0.6074,0.019862,8,Dadra & Nagar Haveli & Daman & Diu
2019,4,-0.32647,0.30127,0.012295,8,Dadra & Nagar Haveli & Daman & Diu
2019,5,0.78195,0.67217,0.0093253,8,Dadra & Nagar Haveli & Daman & Diu
2019,6,-0.42578,-0.38502,-0.65665,8,Dadra & Nagar Haveli & Daman & Diu
2019,7,0.086716,-0.60741,-1.34,8,Dadra & Nagar Haveli & Daman & Diu
2019,8,1.8454,0.28992,-0.3213,8,Dadra & Nagar Haveli & Daman & Diu
2019,9,2.166,1.7578,1.6529,8,Dadra & Nagar Haveli & Daman & Diu
2019,10,1.545,2.3584,1.7906,8,Dadra & Nagar Haveli & Daman & Diu
2019,11,1.768,2.4079,1.9263,8,Dadra & Nagar Haveli & Daman & Diu
2019,12,1.2138,2.2445,1.9292,8,Dadra & Nagar Haveli & Daman & Diu
2020,1,2.3142,1.8321,2.0413,8,Dadra & Nagar Haveli & Daman & Diu
2020,2,0.88425,2.0899,2.0439,8,Dadra & Nagar Haveli & Daman & Diu
2020,3,2.1528,1.963,2.0685,8,Dadra & Nagar Haveli & Daman & Diu
2020,4,0.58389,2.1327,2.0761,8,Dadra & Nagar Haveli & Daman & Diu
2020,5,0.025295,1.323,2.0563,8,Dadra & Nagar Haveli & Daman & Diu
2020,6,-0.91738,-0.77779,1.9378,8,Dadra & Nagar Haveli & Daman & Diu
2020,7,-0.69368,-1.1683,2.1363,8,Dadra & Nagar Haveli & Daman & Diu
2020,8,-0.92468,-0.78307,1.1647,8,Dadra & Nagar Haveli & Daman & Diu
2020,9,-0.86262,-0.97249,-0.68658,8,Dadra & Nagar Haveli & Daman & Diu
2020,10,0.68473,-0.71981,-0.78603,8,Dadra & Nagar Haveli & Daman & Diu
2020,11,-0.43274,-0.91394,-0.89903,8,Dadra & Nagar Haveli & Daman & Diu
2020,12,0.91024,-0.63972,-0.87232,8,Dadra & Nagar Haveli & Daman & Diu
2018,1,-1.1189,-1.227,-0.01427,9,Delhi
2018,2,-1.1542,-1.0354,-0.010791,9,Delhi
2018,3,-1.5034,-1.9082,-0.076341,9,Delhi
2018,4,0.11182,-1.6702,-0.024662,9,Delhi
2018,5,0.26042,-0.92462,-0.0052671,9,Delhi
2018,6,1.4711,1.1129,-0.43542,9,Delhi
2018,7,-0.027877,0.87239,-0.24703,9,Delhi
2018,8,-0.87222,0.15525,-0.26005,9,Delhi
2018,9,0.46335,0.28807,-0.061361,9,Delhi
2018,10,-0.69469,-0.44226,-0.039121,9,Delhi
2018,11,0.44246,-0.43226,-0.050257,9,Delhi
2018,12,-0.011501,0.26105,-0.030928,9,Delhi
2019,1,0.5137,-0.20157,0.053189,9,Delhi
2019,2,1.3425,0.85711,0.20588,9,Delhi
2019,3,0.83691,1.0156,0.3578,9,Delhi
2019,4,-0.13966,0.84021,0.32649,9,Delhi
2019,5,0.57372,0.86461,0.35379,9,Delhi
2019,6,-1.3228,-0.59008,-0.60088,9,Delhi
2019,7,0.038036,-0.54101,-0.62445,9,Delhi
2019,8,-0.70219,-0.90158,-0.59529,9,Delhi
2019,9,-0.65006,-1.1789,-1.0848,9,Delhi
2019,10,0.75837,-0.76922,-0.97708,9,Delhi
2019,11,1.9163,-0.76895,-0.88429,9,Delhi
2019,12,2.1714,-0.015993,-0.67621,9,Delhi
2020,1,1.5675,1.7462,-0.61332,9,Delhi
2020,2,-0.20762,1.8091,-0.72518,9,Delhi
2020,3,1.9983,2.1291,-0.4554,9,Delhi
2020,4,1.0996,1.7489,-0.35612,9,Delhi
2020,5,1.0588,1.6275,-0.24708,9,Delhi
2020,6,0.28336,1.1761,0.10929,9,Delhi
2020,7,0.30825,0.57205,0.27469,9,Delhi
2020,8,0.21883,0.39172,0.64619,9,Delhi
2020,9,-1.192,-0.32038,0.44461,9,Delhi
2020,10,-2.637,-0.4594,0.3079,9,Delhi
2020,11,0.69419,-0.73747,0.23479,9,Delhi
2020,12,0.35826,-1.3468,0.1027,9,Delhi
